--------------------------------------------------------
--  File created - Tuesday-March-29-2022   
--------------------------------------------------------
REM INSERTING into TCMPL_APP_CONFIG.SEC_ROLES
SET DEFINE OFF;
Insert into TCMPL_APP_CONFIG.SEC_ROLES (ROLE_ID,ROLE_NAME,ROLE_DESC,ROLE_IS_ACTIVE) values ('R001','TCMPL_EMP','TCMPL Employee - Status=1','OK');
Insert into TCMPL_APP_CONFIG.SEC_ROLES (ROLE_ID,ROLE_NAME,ROLE_DESC,ROLE_IS_ACTIVE) values ('R002','HOD','Head of Department','OK');
Insert into TCMPL_APP_CONFIG.SEC_ROLES (ROLE_ID,ROLE_NAME,ROLE_DESC,ROLE_IS_ACTIVE) values ('R003','SEC','Dept Secretary','OK');
Insert into TCMPL_APP_CONFIG.SEC_ROLES (ROLE_ID,ROLE_NAME,ROLE_DESC,ROLE_IS_ACTIVE) values ('R010','PAYROLL_ADM','Payroll Admin','OK');
Insert into TCMPL_APP_CONFIG.SEC_ROLES (ROLE_ID,ROLE_NAME,ROLE_DESC,ROLE_IS_ACTIVE) values ('R011','ATTENDANCE_ADM','Attendance Admin','OK');
Insert into TCMPL_APP_CONFIG.SEC_ROLES (ROLE_ID,ROLE_NAME,ROLE_DESC,ROLE_IS_ACTIVE) values ('R004','MANAGER_HOD','Manager HoD - Based on MNGR field','OK');
Insert into TCMPL_APP_CONFIG.SEC_ROLES (ROLE_ID,ROLE_NAME,ROLE_DESC,ROLE_IS_ACTIVE) values ('R031','RAP_PROCO_GROUP_EDIT','RAPReporting PROCO Group -Edit','OK');
Insert into TCMPL_APP_CONFIG.SEC_ROLES (ROLE_ID,ROLE_NAME,ROLE_DESC,ROLE_IS_ACTIVE) values ('R015','AFC_TREASURER','AFC Treasurer','OK');
Insert into TCMPL_APP_CONFIG.SEC_ROLES (ROLE_ID,ROLE_NAME,ROLE_DESC,ROLE_IS_ACTIVE) values ('R016','AFC_PAYABLE','AFC_Payable','OK');
Insert into TCMPL_APP_CONFIG.SEC_ROLES (ROLE_ID,ROLE_NAME,ROLE_DESC,ROLE_IS_ACTIVE) values ('R017','AFC_READ','AFC_Read','OK');
Insert into TCMPL_APP_CONFIG.SEC_ROLES (ROLE_ID,ROLE_NAME,ROLE_DESC,ROLE_IS_ACTIVE) values ('R029','HOD_4_SEAT_PLAN','HoD SWP Seat Planner','OK');
Insert into TCMPL_APP_CONFIG.SEC_ROLES (ROLE_ID,ROLE_NAME,ROLE_DESC,ROLE_IS_ACTIVE) values ('R012','COSTCONTROL_ADM','Cost controller Admin','OK');
Insert into TCMPL_APP_CONFIG.SEC_ROLES (ROLE_ID,ROLE_NAME,ROLE_DESC,ROLE_IS_ACTIVE) values ('R013','AFC_ADM','Finance Admin','OK');
Insert into TCMPL_APP_CONFIG.SEC_ROLES (ROLE_ID,ROLE_NAME,ROLE_DESC,ROLE_IS_ACTIVE) values ('R014','HRMASTERS_VIEW','HR Masters View','OK');
Insert into TCMPL_APP_CONFIG.SEC_ROLES (ROLE_ID,ROLE_NAME,ROLE_DESC,ROLE_IS_ACTIVE) values ('R000','DEVELOPER','DEVELOPER','OK');
Insert into TCMPL_APP_CONFIG.SEC_ROLES (ROLE_ID,ROLE_NAME,ROLE_DESC,ROLE_IS_ACTIVE) values ('R005','HOD_ONBEHALF_APPR','Approver on behalf Manager HoD','OK');
Insert into TCMPL_APP_CONFIG.SEC_ROLES (ROLE_ID,ROLE_NAME,ROLE_DESC,ROLE_IS_ACTIVE) values ('R006','LEAD','Lead','OK');
Insert into TCMPL_APP_CONFIG.SEC_ROLES (ROLE_ID,ROLE_NAME,ROLE_DESC,ROLE_IS_ACTIVE) values ('R018','HOD_ONBEHALF','HoD OnBehalf ReadOnly','OK');
Insert into TCMPL_APP_CONFIG.SEC_ROLES (ROLE_ID,ROLE_NAME,ROLE_DESC,ROLE_IS_ACTIVE) values ('R019','PROJ_APPROVER','Project Approver','OK');
Insert into TCMPL_APP_CONFIG.SEC_ROLES (ROLE_ID,ROLE_NAME,ROLE_DESC,ROLE_IS_ACTIVE) values ('R020','HR_4_RAP','RAPReporting HR Group','OK');
Insert into TCMPL_APP_CONFIG.SEC_ROLES (ROLE_ID,ROLE_NAME,ROLE_DESC,ROLE_IS_ACTIVE) values ('R021','RAP_PROJ_GROUP','RAPReporting Project Group','OK');
Insert into TCMPL_APP_CONFIG.SEC_ROLES (ROLE_ID,ROLE_NAME,ROLE_DESC,ROLE_IS_ACTIVE) values ('R022','PROJ_MNGR','Project Manager','OK');
Insert into TCMPL_APP_CONFIG.SEC_ROLES (ROLE_ID,ROLE_NAME,ROLE_DESC,ROLE_IS_ACTIVE) values ('R023','DEPT_FOCAL_POINT','Department Focal Point','OK');
Insert into TCMPL_APP_CONFIG.SEC_ROLES (ROLE_ID,ROLE_NAME,ROLE_DESC,ROLE_IS_ACTIVE) values ('R024','RAP_AFC_GROUP','RAPReporting AFC Group','OK');
Insert into TCMPL_APP_CONFIG.SEC_ROLES (ROLE_ID,ROLE_NAME,ROLE_DESC,ROLE_IS_ACTIVE) values ('R025','RAP_PROCO_GROUP','RAPReporting PROCO Group','OK');
Insert into TCMPL_APP_CONFIG.SEC_ROLES (ROLE_ID,ROLE_NAME,ROLE_DESC,ROLE_IS_ACTIVE) values ('R026','ENGG_MNGR','Engineering Manager','OK');
Insert into TCMPL_APP_CONFIG.SEC_ROLES (ROLE_ID,ROLE_NAME,ROLE_DESC,ROLE_IS_ACTIVE) values ('R027','NON_ENGG_MNGR','Non Engineering Manager','OK');
Insert into TCMPL_APP_CONFIG.SEC_ROLES (ROLE_ID,ROLE_NAME,ROLE_DESC,ROLE_IS_ACTIVE) values ('R028','TOP_MGMT','Top Management','OK');
Insert into TCMPL_APP_CONFIG.SEC_ROLES (ROLE_ID,ROLE_NAME,ROLE_DESC,ROLE_IS_ACTIVE) values ('R030','SEC_4_SEAT_PLAN','Secretary SWP Seat Planner','OK');
REM INSERTING into TCMPL_APP_CONFIG.SEC_MODULE_ROLES
SET DEFINE OFF;
Insert into TCMPL_APP_CONFIG.SEC_MODULE_ROLES (MODULE_ID,ROLE_ID,MODULE_ROLE_KEY_ID) values ('M07','R000','M07R000');
Insert into TCMPL_APP_CONFIG.SEC_MODULE_ROLES (MODULE_ID,ROLE_ID,MODULE_ROLE_KEY_ID) values ('M07','R002','M07R002');
Insert into TCMPL_APP_CONFIG.SEC_MODULE_ROLES (MODULE_ID,ROLE_ID,MODULE_ROLE_KEY_ID) values ('M07','R003','M07R003');
Insert into TCMPL_APP_CONFIG.SEC_MODULE_ROLES (MODULE_ID,ROLE_ID,MODULE_ROLE_KEY_ID) values ('M07','R020','M07R020');
Insert into TCMPL_APP_CONFIG.SEC_MODULE_ROLES (MODULE_ID,ROLE_ID,MODULE_ROLE_KEY_ID) values ('M07','R021','M07R021');
Insert into TCMPL_APP_CONFIG.SEC_MODULE_ROLES (MODULE_ID,ROLE_ID,MODULE_ROLE_KEY_ID) values ('M07','R022','M07R022');
Insert into TCMPL_APP_CONFIG.SEC_MODULE_ROLES (MODULE_ID,ROLE_ID,MODULE_ROLE_KEY_ID) values ('M07','R023','M07R023');
Insert into TCMPL_APP_CONFIG.SEC_MODULE_ROLES (MODULE_ID,ROLE_ID,MODULE_ROLE_KEY_ID) values ('M07','R024','M07R024');
Insert into TCMPL_APP_CONFIG.SEC_MODULE_ROLES (MODULE_ID,ROLE_ID,MODULE_ROLE_KEY_ID) values ('M07','R025','M07R025');
Insert into TCMPL_APP_CONFIG.SEC_MODULE_ROLES (MODULE_ID,ROLE_ID,MODULE_ROLE_KEY_ID) values ('M07','R026','M07R026');
Insert into TCMPL_APP_CONFIG.SEC_MODULE_ROLES (MODULE_ID,ROLE_ID,MODULE_ROLE_KEY_ID) values ('M07','R027','M07R027');
Insert into TCMPL_APP_CONFIG.SEC_MODULE_ROLES (MODULE_ID,ROLE_ID,MODULE_ROLE_KEY_ID) values ('M07','R028','M07R028');
Insert into TCMPL_APP_CONFIG.SEC_MODULE_ROLES (MODULE_ID,ROLE_ID,MODULE_ROLE_KEY_ID) values ('M07','R031','M07R031');
REM INSERTING into TCMPL_APP_CONFIG.SEC_MODULE_USER_ROLES
SET DEFINE OFF;
Insert into TCMPL_APP_CONFIG.SEC_MODULE_USER_ROLES (MODULE_ID,ROLE_ID,EMPNO,PERSON_ID,MODULE_ROLE_KEY_ID) values ('M07','R000','02320','01009257','M07R000');
Insert into TCMPL_APP_CONFIG.SEC_MODULE_USER_ROLES (MODULE_ID,ROLE_ID,EMPNO,PERSON_ID,MODULE_ROLE_KEY_ID) values ('M07','R000','02321','01009258','M07R000');
Insert into TCMPL_APP_CONFIG.SEC_MODULE_USER_ROLES (MODULE_ID,ROLE_ID,EMPNO,PERSON_ID,MODULE_ROLE_KEY_ID) values ('M07','R000','02936','01009960','M07R000');
Insert into TCMPL_APP_CONFIG.SEC_MODULE_USER_ROLES (MODULE_ID,ROLE_ID,EMPNO,PERSON_ID,MODULE_ROLE_KEY_ID) values ('M07','R000','04170','01010936','M07R000');
REM INSERTING into TCMPL_APP_CONFIG.SEC_ACTIONS
SET DEFINE OFF;
Insert into TCMPL_APP_CONFIG.SEC_ACTIONS (MODULE_ID,ACTION_ID,ACTION_NAME,ACTION_DESC,ACTION_IS_ACTIVE,MODULE_ACTION_KEY_ID) values ('M07','A101','MASTERS_EDIT','Add Modify Master','OK','M07A101');
Insert into TCMPL_APP_CONFIG.SEC_ACTIONS (MODULE_ID,ACTION_ID,ACTION_NAME,ACTION_DESC,ACTION_IS_ACTIVE,MODULE_ACTION_KEY_ID) values ('M07','A103','MASTERS_VIEW','View Master','OK','M07A103');
Insert into TCMPL_APP_CONFIG.SEC_ACTIONS (MODULE_ID,ACTION_ID,ACTION_NAME,ACTION_DESC,ACTION_IS_ACTIVE,MODULE_ACTION_KEY_ID) values ('M07','A104','PM_LIBRARY_EDIT','Add Modify PM Library','OK','M07A104');
Insert into TCMPL_APP_CONFIG.SEC_ACTIONS (MODULE_ID,ACTION_ID,ACTION_NAME,ACTION_DESC,ACTION_IS_ACTIVE,MODULE_ACTION_KEY_ID) values ('M07','A105','COSTCODE_EDIT','Add Modify Costcode Forms','OK','M07A105');
Insert into TCMPL_APP_CONFIG.SEC_ACTIONS (MODULE_ID,ACTION_ID,ACTION_NAME,ACTION_DESC,ACTION_IS_ACTIVE,MODULE_ACTION_KEY_ID) values ('M07','A106','HOD_FORMS_EDIT','Add Modify HoD Forms','OK','M07A106');
Insert into TCMPL_APP_CONFIG.SEC_ACTIONS (MODULE_ID,ACTION_ID,ACTION_NAME,ACTION_DESC,ACTION_IS_ACTIVE,MODULE_ACTION_KEY_ID) values ('M07','A107','MASTERS_HR_EDIT','Add Modify HR Master','OK','M07A107');
Insert into TCMPL_APP_CONFIG.SEC_ACTIONS (MODULE_ID,ACTION_ID,ACTION_NAME,ACTION_DESC,ACTION_IS_ACTIVE,MODULE_ACTION_KEY_ID) values ('M07','A108','MASTERS_AFC_EDIT','Add Modify AFC Master','OK','M07A108');
Insert into TCMPL_APP_CONFIG.SEC_ACTIONS (MODULE_ID,ACTION_ID,ACTION_NAME,ACTION_DESC,ACTION_IS_ACTIVE,MODULE_ACTION_KEY_ID) values ('M07','A109','MASTERS_PROCO_EDIT','Add Modify PROCO Master','OK','M07A109');
Insert into TCMPL_APP_CONFIG.SEC_ACTIONS (MODULE_ID,ACTION_ID,ACTION_NAME,ACTION_DESC,ACTION_IS_ACTIVE,MODULE_ACTION_KEY_ID) values ('M07','A110','PROCO_TRANS','PROCO Transactions','OK','M07A110');
Insert into TCMPL_APP_CONFIG.SEC_ACTIONS (MODULE_ID,ACTION_ID,ACTION_NAME,ACTION_DESC,ACTION_IS_ACTIVE,MODULE_ACTION_KEY_ID) values ('M07','A111','PROCO_PROCESS','PROCO Processing','OK','M07A111');
Insert into TCMPL_APP_CONFIG.SEC_ACTIONS (MODULE_ID,ACTION_ID,ACTION_NAME,ACTION_DESC,ACTION_IS_ACTIVE,MODULE_ACTION_KEY_ID) values ('M07','A112','REPORTS_MASTERS','Reports Master','OK','M07A112');
Insert into TCMPL_APP_CONFIG.SEC_ACTIONS (MODULE_ID,ACTION_ID,ACTION_NAME,ACTION_DESC,ACTION_IS_ACTIVE,MODULE_ACTION_KEY_ID) values ('M07','A113','REPORTS_PM','Reports PM','OK','M07A113');
Insert into TCMPL_APP_CONFIG.SEC_ACTIONS (MODULE_ID,ACTION_ID,ACTION_NAME,ACTION_DESC,ACTION_IS_ACTIVE,MODULE_ACTION_KEY_ID) values ('M07','A114','REPORTS_CC','Reports Costcode','OK','M07A114');
Insert into TCMPL_APP_CONFIG.SEC_ACTIONS (MODULE_ID,ACTION_ID,ACTION_NAME,ACTION_DESC,ACTION_IS_ACTIVE,MODULE_ACTION_KEY_ID) values ('M07','A115','REPORTS_HR','Reports HR','OK','M07A115');
Insert into TCMPL_APP_CONFIG.SEC_ACTIONS (MODULE_ID,ACTION_ID,ACTION_NAME,ACTION_DESC,ACTION_IS_ACTIVE,MODULE_ACTION_KEY_ID) values ('M07','A116','REPORTS_AFC','Reports AFC','OK','M07A116');
Insert into TCMPL_APP_CONFIG.SEC_ACTIONS (MODULE_ID,ACTION_ID,ACTION_NAME,ACTION_DESC,ACTION_IS_ACTIVE,MODULE_ACTION_KEY_ID) values ('M07','A117','REPORTS_PROCO','Reports PROCO','OK','M07A117');
Insert into TCMPL_APP_CONFIG.SEC_ACTIONS (MODULE_ID,ACTION_ID,ACTION_NAME,ACTION_DESC,ACTION_IS_ACTIVE,MODULE_ACTION_KEY_ID) values ('M07','A118','REPORTS_ENGG_MNGR','Reports Engg. Manager','OK','M07A118');
Insert into TCMPL_APP_CONFIG.SEC_ACTIONS (MODULE_ID,ACTION_ID,ACTION_NAME,ACTION_DESC,ACTION_IS_ACTIVE,MODULE_ACTION_KEY_ID) values ('M07','A119','REPORTS_N-ENGG_MNGR','Reports Non-Engg. Manager','OK','M07A119');
Insert into TCMPL_APP_CONFIG.SEC_ACTIONS (MODULE_ID,ACTION_ID,ACTION_NAME,ACTION_DESC,ACTION_IS_ACTIVE,MODULE_ACTION_KEY_ID) values ('M07','A120','REPORTS_TOP_MGMT','Reports Top Management','OK','M07A120');
Insert into TCMPL_APP_CONFIG.SEC_ACTIONS (MODULE_ID,ACTION_ID,ACTION_NAME,ACTION_DESC,ACTION_IS_ACTIVE,MODULE_ACTION_KEY_ID) values ('M07','A121','REPORTS_TMA','TMA Report','OK','M07A121');
Insert into TCMPL_APP_CONFIG.SEC_ACTIONS (MODULE_ID,ACTION_ID,ACTION_NAME,ACTION_DESC,ACTION_IS_ACTIVE,MODULE_ACTION_KEY_ID) values ('M07','A122','A122','Role Management','OK','M07A122');
Insert into TCMPL_APP_CONFIG.SEC_ACTIONS (MODULE_ID,ACTION_ID,ACTION_NAME,ACTION_DESC,ACTION_IS_ACTIVE,MODULE_ACTION_KEY_ID) values ('M07','A123','CC_PROCO_EDIT','Modify Cost Master - PROCO','OK','M07A123');
Insert into TCMPL_APP_CONFIG.SEC_ACTIONS (MODULE_ID,ACTION_ID,ACTION_NAME,ACTION_DESC,ACTION_IS_ACTIVE,MODULE_ACTION_KEY_ID) values ('M07','A124','CC_HOD_EDIT','Modify Cost Master - HoD','OK','M07A124');
Insert into TCMPL_APP_CONFIG.SEC_ACTIONS (MODULE_ID,ACTION_ID,ACTION_NAME,ACTION_DESC,ACTION_IS_ACTIVE,MODULE_ACTION_KEY_ID) values ('M07','A125','CC_AFC_EDIT','Modify Cost Master - AFC','OK','M07A125');
Insert into TCMPL_APP_CONFIG.SEC_ACTIONS (MODULE_ID,ACTION_ID,ACTION_NAME,ACTION_DESC,ACTION_IS_ACTIVE,MODULE_ACTION_KEY_ID) values ('M07','A014','PROCO_TRANS_','PROCO Transactions','OK','M07A014');
Insert into TCMPL_APP_CONFIG.SEC_ACTIONS (MODULE_ID,ACTION_ID,ACTION_NAME,ACTION_DESC,ACTION_IS_ACTIVE,MODULE_ACTION_KEY_ID) values ('M07','A015','PROCO_PROCESS_','PROCO Processing','OK','M07A015');
Insert into TCMPL_APP_CONFIG.SEC_ACTIONS (MODULE_ID,ACTION_ID,ACTION_NAME,ACTION_DESC,ACTION_IS_ACTIVE,MODULE_ACTION_KEY_ID) values ('M07','A016','REPORTS_MASTERS_','Reports - Masters','OK','M07A016');
Insert into TCMPL_APP_CONFIG.SEC_ACTIONS (MODULE_ID,ACTION_ID,ACTION_NAME,ACTION_DESC,ACTION_IS_ACTIVE,MODULE_ACTION_KEY_ID) values ('M07','A017','REPORTS_PM_','Reports - Project Manager','OK','M07A017');
Insert into TCMPL_APP_CONFIG.SEC_ACTIONS (MODULE_ID,ACTION_ID,ACTION_NAME,ACTION_DESC,ACTION_IS_ACTIVE,MODULE_ACTION_KEY_ID) values ('M07','A018','REPORTS_CC_','Reports - CostCode','OK','M07A018');
Insert into TCMPL_APP_CONFIG.SEC_ACTIONS (MODULE_ID,ACTION_ID,ACTION_NAME,ACTION_DESC,ACTION_IS_ACTIVE,MODULE_ACTION_KEY_ID) values ('M07','A019','REPORTS_HR_','Reports - HR','OK','M07A019');
Insert into TCMPL_APP_CONFIG.SEC_ACTIONS (MODULE_ID,ACTION_ID,ACTION_NAME,ACTION_DESC,ACTION_IS_ACTIVE,MODULE_ACTION_KEY_ID) values ('M07','A020','REPORTS_AFC_','Reports - AFC','OK','M07A020');
Insert into TCMPL_APP_CONFIG.SEC_ACTIONS (MODULE_ID,ACTION_ID,ACTION_NAME,ACTION_DESC,ACTION_IS_ACTIVE,MODULE_ACTION_KEY_ID) values ('M07','A021','REPORTS_PROCO_','Reports - Proco','OK','M07A021');
Insert into TCMPL_APP_CONFIG.SEC_ACTIONS (MODULE_ID,ACTION_ID,ACTION_NAME,ACTION_DESC,ACTION_IS_ACTIVE,MODULE_ACTION_KEY_ID) values ('M07','A022','REPORTS_ENGG_MNGR_','Reports - Engg Manager','OK','M07A022');
Insert into TCMPL_APP_CONFIG.SEC_ACTIONS (MODULE_ID,ACTION_ID,ACTION_NAME,ACTION_DESC,ACTION_IS_ACTIVE,MODULE_ACTION_KEY_ID) values ('M07','A023','REPORTS_N-ENGG_MNGR_','Reports - Non Engg Manager','OK','M07A023');
Insert into TCMPL_APP_CONFIG.SEC_ACTIONS (MODULE_ID,ACTION_ID,ACTION_NAME,ACTION_DESC,ACTION_IS_ACTIVE,MODULE_ACTION_KEY_ID) values ('M07','A024','REPORTS_TOP_MGMT_','Reports - TOP Management','OK','M07A024');
Insert into TCMPL_APP_CONFIG.SEC_ACTIONS (MODULE_ID,ACTION_ID,ACTION_NAME,ACTION_DESC,ACTION_IS_ACTIVE,MODULE_ACTION_KEY_ID) values ('M07','A025','REPORTS_TMA_','Reports - TMA','OK','M07A025');
REM INSERTING into TCMPL_APP_CONFIG.SEC_MODULE_ROLE_ACTIONS
SET DEFINE OFF;
Insert into TCMPL_APP_CONFIG.SEC_MODULE_ROLE_ACTIONS (MODULE_ID,ROLE_ID,ACTION_ID,MODULE_ROLE_ACTION_KEY_ID,MODULE_ROLE_KEY_ID) values ('M07','R021','A113','M07R021A113','M07R021');
Insert into TCMPL_APP_CONFIG.SEC_MODULE_ROLE_ACTIONS (MODULE_ID,ROLE_ID,ACTION_ID,MODULE_ROLE_ACTION_KEY_ID,MODULE_ROLE_KEY_ID) values ('M07','R022','A104','M07R022A104','M07R022');
Insert into TCMPL_APP_CONFIG.SEC_MODULE_ROLE_ACTIONS (MODULE_ID,ROLE_ID,ACTION_ID,MODULE_ROLE_ACTION_KEY_ID,MODULE_ROLE_KEY_ID) values ('M07','R022','A113','M07R022A113','M07R022');
Insert into TCMPL_APP_CONFIG.SEC_MODULE_ROLE_ACTIONS (MODULE_ID,ROLE_ID,ACTION_ID,MODULE_ROLE_ACTION_KEY_ID,MODULE_ROLE_KEY_ID) values ('M07','R003','A114','M07R003A114','M07R003');
Insert into TCMPL_APP_CONFIG.SEC_MODULE_ROLE_ACTIONS (MODULE_ID,ROLE_ID,ACTION_ID,MODULE_ROLE_ACTION_KEY_ID,MODULE_ROLE_KEY_ID) values ('M07','R023','A105','M07R023A105','M07R023');
Insert into TCMPL_APP_CONFIG.SEC_MODULE_ROLE_ACTIONS (MODULE_ID,ROLE_ID,ACTION_ID,MODULE_ROLE_ACTION_KEY_ID,MODULE_ROLE_KEY_ID) values ('M07','R023','A114','M07R023A114','M07R023');
Insert into TCMPL_APP_CONFIG.SEC_MODULE_ROLE_ACTIONS (MODULE_ID,ROLE_ID,ACTION_ID,MODULE_ROLE_ACTION_KEY_ID,MODULE_ROLE_KEY_ID) values ('M07','R002','A101','M07R002A101','M07R002');
Insert into TCMPL_APP_CONFIG.SEC_MODULE_ROLE_ACTIONS (MODULE_ID,ROLE_ID,ACTION_ID,MODULE_ROLE_ACTION_KEY_ID,MODULE_ROLE_KEY_ID) values ('M07','R002','A105','M07R002A105','M07R002');
Insert into TCMPL_APP_CONFIG.SEC_MODULE_ROLE_ACTIONS (MODULE_ID,ROLE_ID,ACTION_ID,MODULE_ROLE_ACTION_KEY_ID,MODULE_ROLE_KEY_ID) values ('M07','R002','A106','M07R002A106','M07R002');
Insert into TCMPL_APP_CONFIG.SEC_MODULE_ROLE_ACTIONS (MODULE_ID,ROLE_ID,ACTION_ID,MODULE_ROLE_ACTION_KEY_ID,MODULE_ROLE_KEY_ID) values ('M07','R002','A114','M07R002A114','M07R002');
Insert into TCMPL_APP_CONFIG.SEC_MODULE_ROLE_ACTIONS (MODULE_ID,ROLE_ID,ACTION_ID,MODULE_ROLE_ACTION_KEY_ID,MODULE_ROLE_KEY_ID) values ('M07','R002','A124','M07R002A124','M07R002');
Insert into TCMPL_APP_CONFIG.SEC_MODULE_ROLE_ACTIONS (MODULE_ID,ROLE_ID,ACTION_ID,MODULE_ROLE_ACTION_KEY_ID,MODULE_ROLE_KEY_ID) values ('M07','R020','A107','M07R020A107','M07R020');
Insert into TCMPL_APP_CONFIG.SEC_MODULE_ROLE_ACTIONS (MODULE_ID,ROLE_ID,ACTION_ID,MODULE_ROLE_ACTION_KEY_ID,MODULE_ROLE_KEY_ID) values ('M07','R020','A115','M07R020A115','M07R020');
Insert into TCMPL_APP_CONFIG.SEC_MODULE_ROLE_ACTIONS (MODULE_ID,ROLE_ID,ACTION_ID,MODULE_ROLE_ACTION_KEY_ID,MODULE_ROLE_KEY_ID) values ('M07','R024','A108','M07R024A108','M07R024');
Insert into TCMPL_APP_CONFIG.SEC_MODULE_ROLE_ACTIONS (MODULE_ID,ROLE_ID,ACTION_ID,MODULE_ROLE_ACTION_KEY_ID,MODULE_ROLE_KEY_ID) values ('M07','R024','A116','M07R024A116','M07R024');
Insert into TCMPL_APP_CONFIG.SEC_MODULE_ROLE_ACTIONS (MODULE_ID,ROLE_ID,ACTION_ID,MODULE_ROLE_ACTION_KEY_ID,MODULE_ROLE_KEY_ID) values ('M07','R024','A121','M07R024A121','M07R024');
Insert into TCMPL_APP_CONFIG.SEC_MODULE_ROLE_ACTIONS (MODULE_ID,ROLE_ID,ACTION_ID,MODULE_ROLE_ACTION_KEY_ID,MODULE_ROLE_KEY_ID) values ('M07','R024','A125','M07R024A125','M07R024');
Insert into TCMPL_APP_CONFIG.SEC_MODULE_ROLE_ACTIONS (MODULE_ID,ROLE_ID,ACTION_ID,MODULE_ROLE_ACTION_KEY_ID,MODULE_ROLE_KEY_ID) values ('M07','R031','A103','M07R031A103','M07R031');
Insert into TCMPL_APP_CONFIG.SEC_MODULE_ROLE_ACTIONS (MODULE_ID,ROLE_ID,ACTION_ID,MODULE_ROLE_ACTION_KEY_ID,MODULE_ROLE_KEY_ID) values ('M07','R031','A105','M07R031A105','M07R031');
Insert into TCMPL_APP_CONFIG.SEC_MODULE_ROLE_ACTIONS (MODULE_ID,ROLE_ID,ACTION_ID,MODULE_ROLE_ACTION_KEY_ID,MODULE_ROLE_KEY_ID) values ('M07','R031','A109','M07R031A109','M07R031');
Insert into TCMPL_APP_CONFIG.SEC_MODULE_ROLE_ACTIONS (MODULE_ID,ROLE_ID,ACTION_ID,MODULE_ROLE_ACTION_KEY_ID,MODULE_ROLE_KEY_ID) values ('M07','R031','A110','M07R031A110','M07R031');
Insert into TCMPL_APP_CONFIG.SEC_MODULE_ROLE_ACTIONS (MODULE_ID,ROLE_ID,ACTION_ID,MODULE_ROLE_ACTION_KEY_ID,MODULE_ROLE_KEY_ID) values ('M07','R031','A111','M07R031A111','M07R031');
Insert into TCMPL_APP_CONFIG.SEC_MODULE_ROLE_ACTIONS (MODULE_ID,ROLE_ID,ACTION_ID,MODULE_ROLE_ACTION_KEY_ID,MODULE_ROLE_KEY_ID) values ('M07','R031','A112','M07R031A112','M07R031');
Insert into TCMPL_APP_CONFIG.SEC_MODULE_ROLE_ACTIONS (MODULE_ID,ROLE_ID,ACTION_ID,MODULE_ROLE_ACTION_KEY_ID,MODULE_ROLE_KEY_ID) values ('M07','R031','A113','M07R031A113','M07R031');
Insert into TCMPL_APP_CONFIG.SEC_MODULE_ROLE_ACTIONS (MODULE_ID,ROLE_ID,ACTION_ID,MODULE_ROLE_ACTION_KEY_ID,MODULE_ROLE_KEY_ID) values ('M07','R031','A114','M07R031A114','M07R031');
Insert into TCMPL_APP_CONFIG.SEC_MODULE_ROLE_ACTIONS (MODULE_ID,ROLE_ID,ACTION_ID,MODULE_ROLE_ACTION_KEY_ID,MODULE_ROLE_KEY_ID) values ('M07','R031','A115','M07R031A115','M07R031');
Insert into TCMPL_APP_CONFIG.SEC_MODULE_ROLE_ACTIONS (MODULE_ID,ROLE_ID,ACTION_ID,MODULE_ROLE_ACTION_KEY_ID,MODULE_ROLE_KEY_ID) values ('M07','R031','A116','M07R031A116','M07R031');
Insert into TCMPL_APP_CONFIG.SEC_MODULE_ROLE_ACTIONS (MODULE_ID,ROLE_ID,ACTION_ID,MODULE_ROLE_ACTION_KEY_ID,MODULE_ROLE_KEY_ID) values ('M07','R031','A117','M07R031A117','M07R031');
Insert into TCMPL_APP_CONFIG.SEC_MODULE_ROLE_ACTIONS (MODULE_ID,ROLE_ID,ACTION_ID,MODULE_ROLE_ACTION_KEY_ID,MODULE_ROLE_KEY_ID) values ('M07','R031','A118','M07R031A118','M07R031');
Insert into TCMPL_APP_CONFIG.SEC_MODULE_ROLE_ACTIONS (MODULE_ID,ROLE_ID,ACTION_ID,MODULE_ROLE_ACTION_KEY_ID,MODULE_ROLE_KEY_ID) values ('M07','R031','A119','M07R031A119','M07R031');
Insert into TCMPL_APP_CONFIG.SEC_MODULE_ROLE_ACTIONS (MODULE_ID,ROLE_ID,ACTION_ID,MODULE_ROLE_ACTION_KEY_ID,MODULE_ROLE_KEY_ID) values ('M07','R031','A120','M07R031A120','M07R031');
Insert into TCMPL_APP_CONFIG.SEC_MODULE_ROLE_ACTIONS (MODULE_ID,ROLE_ID,ACTION_ID,MODULE_ROLE_ACTION_KEY_ID,MODULE_ROLE_KEY_ID) values ('M07','R031','A121','M07R031A121','M07R031');
Insert into TCMPL_APP_CONFIG.SEC_MODULE_ROLE_ACTIONS (MODULE_ID,ROLE_ID,ACTION_ID,MODULE_ROLE_ACTION_KEY_ID,MODULE_ROLE_KEY_ID) values ('M07','R031','A122','M07R031A122','M07R031');
Insert into TCMPL_APP_CONFIG.SEC_MODULE_ROLE_ACTIONS (MODULE_ID,ROLE_ID,ACTION_ID,MODULE_ROLE_ACTION_KEY_ID,MODULE_ROLE_KEY_ID) values ('M07','R031','A123','M07R031A123','M07R031');
Insert into TCMPL_APP_CONFIG.SEC_MODULE_ROLE_ACTIONS (MODULE_ID,ROLE_ID,ACTION_ID,MODULE_ROLE_ACTION_KEY_ID,MODULE_ROLE_KEY_ID) values ('M07','R025','A110','M07R025A110','M07R025');
Insert into TCMPL_APP_CONFIG.SEC_MODULE_ROLE_ACTIONS (MODULE_ID,ROLE_ID,ACTION_ID,MODULE_ROLE_ACTION_KEY_ID,MODULE_ROLE_KEY_ID) values ('M07','R025','A112','M07R025A112','M07R025');
Insert into TCMPL_APP_CONFIG.SEC_MODULE_ROLE_ACTIONS (MODULE_ID,ROLE_ID,ACTION_ID,MODULE_ROLE_ACTION_KEY_ID,MODULE_ROLE_KEY_ID) values ('M07','R025','A113','M07R025A113','M07R025');
Insert into TCMPL_APP_CONFIG.SEC_MODULE_ROLE_ACTIONS (MODULE_ID,ROLE_ID,ACTION_ID,MODULE_ROLE_ACTION_KEY_ID,MODULE_ROLE_KEY_ID) values ('M07','R025','A114','M07R025A114','M07R025');
Insert into TCMPL_APP_CONFIG.SEC_MODULE_ROLE_ACTIONS (MODULE_ID,ROLE_ID,ACTION_ID,MODULE_ROLE_ACTION_KEY_ID,MODULE_ROLE_KEY_ID) values ('M07','R025','A115','M07R025A115','M07R025');
Insert into TCMPL_APP_CONFIG.SEC_MODULE_ROLE_ACTIONS (MODULE_ID,ROLE_ID,ACTION_ID,MODULE_ROLE_ACTION_KEY_ID,MODULE_ROLE_KEY_ID) values ('M07','R025','A116','M07R025A116','M07R025');
Insert into TCMPL_APP_CONFIG.SEC_MODULE_ROLE_ACTIONS (MODULE_ID,ROLE_ID,ACTION_ID,MODULE_ROLE_ACTION_KEY_ID,MODULE_ROLE_KEY_ID) values ('M07','R025','A117','M07R025A117','M07R025');
Insert into TCMPL_APP_CONFIG.SEC_MODULE_ROLE_ACTIONS (MODULE_ID,ROLE_ID,ACTION_ID,MODULE_ROLE_ACTION_KEY_ID,MODULE_ROLE_KEY_ID) values ('M07','R025','A118','M07R025A118','M07R025');
Insert into TCMPL_APP_CONFIG.SEC_MODULE_ROLE_ACTIONS (MODULE_ID,ROLE_ID,ACTION_ID,MODULE_ROLE_ACTION_KEY_ID,MODULE_ROLE_KEY_ID) values ('M07','R025','A119','M07R025A119','M07R025');
Insert into TCMPL_APP_CONFIG.SEC_MODULE_ROLE_ACTIONS (MODULE_ID,ROLE_ID,ACTION_ID,MODULE_ROLE_ACTION_KEY_ID,MODULE_ROLE_KEY_ID) values ('M07','R025','A120','M07R025A120','M07R025');
Insert into TCMPL_APP_CONFIG.SEC_MODULE_ROLE_ACTIONS (MODULE_ID,ROLE_ID,ACTION_ID,MODULE_ROLE_ACTION_KEY_ID,MODULE_ROLE_KEY_ID) values ('M07','R025','A121','M07R025A121','M07R025');
Insert into TCMPL_APP_CONFIG.SEC_MODULE_ROLE_ACTIONS (MODULE_ID,ROLE_ID,ACTION_ID,MODULE_ROLE_ACTION_KEY_ID,MODULE_ROLE_KEY_ID) values ('M07','R025','A122','M07R025A122','M07R025');
Insert into TCMPL_APP_CONFIG.SEC_MODULE_ROLE_ACTIONS (MODULE_ID,ROLE_ID,ACTION_ID,MODULE_ROLE_ACTION_KEY_ID,MODULE_ROLE_KEY_ID) values ('M07','R026','A118','M07R026A118','M07R026');
Insert into TCMPL_APP_CONFIG.SEC_MODULE_ROLE_ACTIONS (MODULE_ID,ROLE_ID,ACTION_ID,MODULE_ROLE_ACTION_KEY_ID,MODULE_ROLE_KEY_ID) values ('M07','R027','A119','M07R027A119','M07R027');
Insert into TCMPL_APP_CONFIG.SEC_MODULE_ROLE_ACTIONS (MODULE_ID,ROLE_ID,ACTION_ID,MODULE_ROLE_ACTION_KEY_ID,MODULE_ROLE_KEY_ID) values ('M07','R028','A118','M07R028A118','M07R028');
Insert into TCMPL_APP_CONFIG.SEC_MODULE_ROLE_ACTIONS (MODULE_ID,ROLE_ID,ACTION_ID,MODULE_ROLE_ACTION_KEY_ID,MODULE_ROLE_KEY_ID) values ('M07','R028','A119','M07R028A119','M07R028');
Insert into TCMPL_APP_CONFIG.SEC_MODULE_ROLE_ACTIONS (MODULE_ID,ROLE_ID,ACTION_ID,MODULE_ROLE_ACTION_KEY_ID,MODULE_ROLE_KEY_ID) values ('M07','R028','A120','M07R028A120','M07R028');
Insert into TCMPL_APP_CONFIG.SEC_MODULE_ROLE_ACTIONS (MODULE_ID,ROLE_ID,ACTION_ID,MODULE_ROLE_ACTION_KEY_ID,MODULE_ROLE_KEY_ID) values ('M07','R028','A121','M07R028A121','M07R028');
Insert into TCMPL_APP_CONFIG.SEC_MODULE_ROLE_ACTIONS (MODULE_ID,ROLE_ID,ACTION_ID,MODULE_ROLE_ACTION_KEY_ID,MODULE_ROLE_KEY_ID) values ('M07','R000','A101','M07R000A101','M07R000');
Insert into TCMPL_APP_CONFIG.SEC_MODULE_ROLE_ACTIONS (MODULE_ID,ROLE_ID,ACTION_ID,MODULE_ROLE_ACTION_KEY_ID,MODULE_ROLE_KEY_ID) values ('M07','R000','A103','M07R000A103','M07R000');
Insert into TCMPL_APP_CONFIG.SEC_MODULE_ROLE_ACTIONS (MODULE_ID,ROLE_ID,ACTION_ID,MODULE_ROLE_ACTION_KEY_ID,MODULE_ROLE_KEY_ID) values ('M07','R000','A104','M07R000A104','M07R000');
Insert into TCMPL_APP_CONFIG.SEC_MODULE_ROLE_ACTIONS (MODULE_ID,ROLE_ID,ACTION_ID,MODULE_ROLE_ACTION_KEY_ID,MODULE_ROLE_KEY_ID) values ('M07','R000','A105','M07R000A105','M07R000');
Insert into TCMPL_APP_CONFIG.SEC_MODULE_ROLE_ACTIONS (MODULE_ID,ROLE_ID,ACTION_ID,MODULE_ROLE_ACTION_KEY_ID,MODULE_ROLE_KEY_ID) values ('M07','R000','A106','M07R000A106','M07R000');
Insert into TCMPL_APP_CONFIG.SEC_MODULE_ROLE_ACTIONS (MODULE_ID,ROLE_ID,ACTION_ID,MODULE_ROLE_ACTION_KEY_ID,MODULE_ROLE_KEY_ID) values ('M07','R000','A107','M07R000A107','M07R000');
Insert into TCMPL_APP_CONFIG.SEC_MODULE_ROLE_ACTIONS (MODULE_ID,ROLE_ID,ACTION_ID,MODULE_ROLE_ACTION_KEY_ID,MODULE_ROLE_KEY_ID) values ('M07','R000','A108','M07R000A108','M07R000');
Insert into TCMPL_APP_CONFIG.SEC_MODULE_ROLE_ACTIONS (MODULE_ID,ROLE_ID,ACTION_ID,MODULE_ROLE_ACTION_KEY_ID,MODULE_ROLE_KEY_ID) values ('M07','R000','A109','M07R000A109','M07R000');
Insert into TCMPL_APP_CONFIG.SEC_MODULE_ROLE_ACTIONS (MODULE_ID,ROLE_ID,ACTION_ID,MODULE_ROLE_ACTION_KEY_ID,MODULE_ROLE_KEY_ID) values ('M07','R000','A110','M07R000A110','M07R000');
Insert into TCMPL_APP_CONFIG.SEC_MODULE_ROLE_ACTIONS (MODULE_ID,ROLE_ID,ACTION_ID,MODULE_ROLE_ACTION_KEY_ID,MODULE_ROLE_KEY_ID) values ('M07','R000','A111','M07R000A111','M07R000');
Insert into TCMPL_APP_CONFIG.SEC_MODULE_ROLE_ACTIONS (MODULE_ID,ROLE_ID,ACTION_ID,MODULE_ROLE_ACTION_KEY_ID,MODULE_ROLE_KEY_ID) values ('M07','R000','A112','M07R000A112','M07R000');
Insert into TCMPL_APP_CONFIG.SEC_MODULE_ROLE_ACTIONS (MODULE_ID,ROLE_ID,ACTION_ID,MODULE_ROLE_ACTION_KEY_ID,MODULE_ROLE_KEY_ID) values ('M07','R000','A113','M07R000A113','M07R000');
Insert into TCMPL_APP_CONFIG.SEC_MODULE_ROLE_ACTIONS (MODULE_ID,ROLE_ID,ACTION_ID,MODULE_ROLE_ACTION_KEY_ID,MODULE_ROLE_KEY_ID) values ('M07','R000','A114','M07R000A114','M07R000');
Insert into TCMPL_APP_CONFIG.SEC_MODULE_ROLE_ACTIONS (MODULE_ID,ROLE_ID,ACTION_ID,MODULE_ROLE_ACTION_KEY_ID,MODULE_ROLE_KEY_ID) values ('M07','R000','A115','M07R000A115','M07R000');
Insert into TCMPL_APP_CONFIG.SEC_MODULE_ROLE_ACTIONS (MODULE_ID,ROLE_ID,ACTION_ID,MODULE_ROLE_ACTION_KEY_ID,MODULE_ROLE_KEY_ID) values ('M07','R000','A116','M07R000A116','M07R000');
Insert into TCMPL_APP_CONFIG.SEC_MODULE_ROLE_ACTIONS (MODULE_ID,ROLE_ID,ACTION_ID,MODULE_ROLE_ACTION_KEY_ID,MODULE_ROLE_KEY_ID) values ('M07','R000','A117','M07R000A117','M07R000');
Insert into TCMPL_APP_CONFIG.SEC_MODULE_ROLE_ACTIONS (MODULE_ID,ROLE_ID,ACTION_ID,MODULE_ROLE_ACTION_KEY_ID,MODULE_ROLE_KEY_ID) values ('M07','R000','A118','M07R000A118','M07R000');
Insert into TCMPL_APP_CONFIG.SEC_MODULE_ROLE_ACTIONS (MODULE_ID,ROLE_ID,ACTION_ID,MODULE_ROLE_ACTION_KEY_ID,MODULE_ROLE_KEY_ID) values ('M07','R000','A119','M07R000A119','M07R000');
Insert into TCMPL_APP_CONFIG.SEC_MODULE_ROLE_ACTIONS (MODULE_ID,ROLE_ID,ACTION_ID,MODULE_ROLE_ACTION_KEY_ID,MODULE_ROLE_KEY_ID) values ('M07','R000','A120','M07R000A120','M07R000');
Insert into TCMPL_APP_CONFIG.SEC_MODULE_ROLE_ACTIONS (MODULE_ID,ROLE_ID,ACTION_ID,MODULE_ROLE_ACTION_KEY_ID,MODULE_ROLE_KEY_ID) values ('M07','R000','A121','M07R000A121','M07R000');
Insert into TCMPL_APP_CONFIG.SEC_MODULE_ROLE_ACTIONS (MODULE_ID,ROLE_ID,ACTION_ID,MODULE_ROLE_ACTION_KEY_ID,MODULE_ROLE_KEY_ID) values ('M07','R000','A122','M07R000A122','M07R000');
Insert into TCMPL_APP_CONFIG.SEC_MODULE_ROLE_ACTIONS (MODULE_ID,ROLE_ID,ACTION_ID,MODULE_ROLE_ACTION_KEY_ID,MODULE_ROLE_KEY_ID) values ('M07','R000','A123','M07R000A123','M07R000');
Insert into TCMPL_APP_CONFIG.SEC_MODULE_ROLE_ACTIONS (MODULE_ID,ROLE_ID,ACTION_ID,MODULE_ROLE_ACTION_KEY_ID,MODULE_ROLE_KEY_ID) values ('M07','R000','A124','M07R000A124','M07R000');
Insert into TCMPL_APP_CONFIG.SEC_MODULE_ROLE_ACTIONS (MODULE_ID,ROLE_ID,ACTION_ID,MODULE_ROLE_ACTION_KEY_ID,MODULE_ROLE_KEY_ID) values ('M07','R000','A125','M07R000A125','M07R000');
Insert into TCMPL_APP_CONFIG.SEC_MODULE_ROLE_ACTIONS (MODULE_ID,ROLE_ID,ACTION_ID,MODULE_ROLE_ACTION_KEY_ID,MODULE_ROLE_KEY_ID) values ('M07','R000','A014','M07R000A014','M07R000');
Insert into TCMPL_APP_CONFIG.SEC_MODULE_ROLE_ACTIONS (MODULE_ID,ROLE_ID,ACTION_ID,MODULE_ROLE_ACTION_KEY_ID,MODULE_ROLE_KEY_ID) values ('M07','R000','A015','M07R000A015','M07R000');
Insert into TCMPL_APP_CONFIG.SEC_MODULE_ROLE_ACTIONS (MODULE_ID,ROLE_ID,ACTION_ID,MODULE_ROLE_ACTION_KEY_ID,MODULE_ROLE_KEY_ID) values ('M07','R000','A016','M07R000A016','M07R000');
Insert into TCMPL_APP_CONFIG.SEC_MODULE_ROLE_ACTIONS (MODULE_ID,ROLE_ID,ACTION_ID,MODULE_ROLE_ACTION_KEY_ID,MODULE_ROLE_KEY_ID) values ('M07','R000','A017','M07R000A017','M07R000');
Insert into TCMPL_APP_CONFIG.SEC_MODULE_ROLE_ACTIONS (MODULE_ID,ROLE_ID,ACTION_ID,MODULE_ROLE_ACTION_KEY_ID,MODULE_ROLE_KEY_ID) values ('M07','R000','A018','M07R000A018','M07R000');
Insert into TCMPL_APP_CONFIG.SEC_MODULE_ROLE_ACTIONS (MODULE_ID,ROLE_ID,ACTION_ID,MODULE_ROLE_ACTION_KEY_ID,MODULE_ROLE_KEY_ID) values ('M07','R000','A019','M07R000A019','M07R000');
Insert into TCMPL_APP_CONFIG.SEC_MODULE_ROLE_ACTIONS (MODULE_ID,ROLE_ID,ACTION_ID,MODULE_ROLE_ACTION_KEY_ID,MODULE_ROLE_KEY_ID) values ('M07','R000','A020','M07R000A020','M07R000');
Insert into TCMPL_APP_CONFIG.SEC_MODULE_ROLE_ACTIONS (MODULE_ID,ROLE_ID,ACTION_ID,MODULE_ROLE_ACTION_KEY_ID,MODULE_ROLE_KEY_ID) values ('M07','R000','A021','M07R000A021','M07R000');
Insert into TCMPL_APP_CONFIG.SEC_MODULE_ROLE_ACTIONS (MODULE_ID,ROLE_ID,ACTION_ID,MODULE_ROLE_ACTION_KEY_ID,MODULE_ROLE_KEY_ID) values ('M07','R000','A022','M07R000A022','M07R000');
Insert into TCMPL_APP_CONFIG.SEC_MODULE_ROLE_ACTIONS (MODULE_ID,ROLE_ID,ACTION_ID,MODULE_ROLE_ACTION_KEY_ID,MODULE_ROLE_KEY_ID) values ('M07','R000','A023','M07R000A023','M07R000');
Insert into TCMPL_APP_CONFIG.SEC_MODULE_ROLE_ACTIONS (MODULE_ID,ROLE_ID,ACTION_ID,MODULE_ROLE_ACTION_KEY_ID,MODULE_ROLE_KEY_ID) values ('M07','R000','A024','M07R000A024','M07R000');
Insert into TCMPL_APP_CONFIG.SEC_MODULE_ROLE_ACTIONS (MODULE_ID,ROLE_ID,ACTION_ID,MODULE_ROLE_ACTION_KEY_ID,MODULE_ROLE_KEY_ID) values ('M07','R000','A025','M07R000A025','M07R000');
