--------------------------------------------------------
--  File created - Monday-January-03-2022   
--------------------------------------------------------
REM INSERTING into TCMPL_APP_CONFIG.SEC_ACTIONS
SET DEFINE OFF;
Insert into TCMPL_APP_CONFIG.SEC_ACTIONS (MODULE_ID,ACTION_ID,ACTION_NAME,ACTION_DESC,ACTION_IS_ACTIVE,MODULE_ACTION_KEY_ID) values ('M05','A003','PWS_PLANNING','Do Primary WS Planning','OK','M05A003');
Insert into TCMPL_APP_CONFIG.SEC_ACTIONS (MODULE_ID,ACTION_ID,ACTION_NAME,ACTION_DESC,ACTION_IS_ACTIVE,MODULE_ACTION_KEY_ID) values ('M05','A004','PWS_STATUS','View PWS Planning Status','OK','M05A004');
Insert into TCMPL_APP_CONFIG.SEC_ACTIONS (MODULE_ID,ACTION_ID,ACTION_NAME,ACTION_DESC,ACTION_IS_ACTIVE,MODULE_ACTION_KEY_ID) values ('M05','A005','OWS_PLANNING','Do Office WS Planning','OK','M05A005');
Insert into TCMPL_APP_CONFIG.SEC_ACTIONS (MODULE_ID,ACTION_ID,ACTION_NAME,ACTION_DESC,ACTION_IS_ACTIVE,MODULE_ACTION_KEY_ID) values ('M05','A006','OWS_STATUS','View Office WS Planning','OK','M05A006');
Insert into TCMPL_APP_CONFIG.SEC_ACTIONS (MODULE_ID,ACTION_ID,ACTION_NAME,ACTION_DESC,ACTION_IS_ACTIVE,MODULE_ACTION_KEY_ID) values ('M05','A007','SWS_PLANNING','Do Smart WS Planning','OK','M05A007');
Insert into TCMPL_APP_CONFIG.SEC_ACTIONS (MODULE_ID,ACTION_ID,ACTION_NAME,ACTION_DESC,ACTION_IS_ACTIVE,MODULE_ACTION_KEY_ID) values ('M05','A008','SWS_STATUS','View Smart WS Planning','OK','M05A008');
REM INSERTING into TCMPL_APP_CONFIG.SEC_MODULE_ROLE_ACTIONS
SET DEFINE OFF;
Insert into TCMPL_APP_CONFIG.SEC_MODULE_ROLE_ACTIONS (MODULE_ID,ROLE_ID,ACTION_ID,MODULE_ROLE_ACTION_KEY_ID,MODULE_ROLE_KEY_ID) values ('M05','R002','A004','M05R002A004','M05R002');
Insert into TCMPL_APP_CONFIG.SEC_MODULE_ROLE_ACTIONS (MODULE_ID,ROLE_ID,ACTION_ID,MODULE_ROLE_ACTION_KEY_ID,MODULE_ROLE_KEY_ID) values ('M05','R003','A004','M05R003A004','M05R003');
Insert into TCMPL_APP_CONFIG.SEC_MODULE_ROLE_ACTIONS (MODULE_ID,ROLE_ID,ACTION_ID,MODULE_ROLE_ACTION_KEY_ID,MODULE_ROLE_KEY_ID) values ('M05','R003','A003','M05R003A003','M05R003');
Insert into TCMPL_APP_CONFIG.SEC_MODULE_ROLE_ACTIONS (MODULE_ID,ROLE_ID,ACTION_ID,MODULE_ROLE_ACTION_KEY_ID,MODULE_ROLE_KEY_ID) values ('M05','R002','A003','M05R002A003','M05R002');
Insert into TCMPL_APP_CONFIG.SEC_MODULE_ROLE_ACTIONS (MODULE_ID,ROLE_ID,ACTION_ID,MODULE_ROLE_ACTION_KEY_ID,MODULE_ROLE_KEY_ID) values ('M05','R000','A004','M05R000A004','M05R000');
Insert into TCMPL_APP_CONFIG.SEC_MODULE_ROLE_ACTIONS (MODULE_ID,ROLE_ID,ACTION_ID,MODULE_ROLE_ACTION_KEY_ID,MODULE_ROLE_KEY_ID) values ('M05','R000','A005','M05R000A005','M05R000');
Insert into TCMPL_APP_CONFIG.SEC_MODULE_ROLE_ACTIONS (MODULE_ID,ROLE_ID,ACTION_ID,MODULE_ROLE_ACTION_KEY_ID,MODULE_ROLE_KEY_ID) values ('M05','R000','A006','M05R000A006','M05R000');
Insert into TCMPL_APP_CONFIG.SEC_MODULE_ROLE_ACTIONS (MODULE_ID,ROLE_ID,ACTION_ID,MODULE_ROLE_ACTION_KEY_ID,MODULE_ROLE_KEY_ID) values ('M05','R000','A007','M05R000A007','M05R000');
Insert into TCMPL_APP_CONFIG.SEC_MODULE_ROLE_ACTIONS (MODULE_ID,ROLE_ID,ACTION_ID,MODULE_ROLE_ACTION_KEY_ID,MODULE_ROLE_KEY_ID) values ('M05','R000','A008','M05R000A008','M05R000');
Insert into TCMPL_APP_CONFIG.SEC_MODULE_ROLE_ACTIONS (MODULE_ID,ROLE_ID,ACTION_ID,MODULE_ROLE_ACTION_KEY_ID,MODULE_ROLE_KEY_ID) values ('M05','R000','A003','M05R000A003','M05R000');
REM INSERTING into TCMPL_APP_CONFIG.SEC_MODULE_ROLES
SET DEFINE OFF;
Insert into TCMPL_APP_CONFIG.SEC_MODULE_ROLES (MODULE_ID,ROLE_ID,MODULE_ROLE_KEY_ID) values ('M05','R000','M05R000');
Insert into TCMPL_APP_CONFIG.SEC_MODULE_ROLES (MODULE_ID,ROLE_ID,MODULE_ROLE_KEY_ID) values ('M05','R002','M05R002');
Insert into TCMPL_APP_CONFIG.SEC_MODULE_ROLES (MODULE_ID,ROLE_ID,MODULE_ROLE_KEY_ID) values ('M05','R003','M05R003');
REM INSERTING into TCMPL_APP_CONFIG.SEC_MODULE_USER_ROLES
SET DEFINE OFF;
Insert into TCMPL_APP_CONFIG.SEC_MODULE_USER_ROLES (MODULE_ID,ROLE_ID,EMPNO,PERSON_ID,MODULE_ROLE_KEY_ID) values ('M05','R000','02320','01009257','M05R000');
Insert into TCMPL_APP_CONFIG.SEC_MODULE_USER_ROLES (MODULE_ID,ROLE_ID,EMPNO,PERSON_ID,MODULE_ROLE_KEY_ID) values ('M05','R000','02321','01009258','M05R000');
Insert into TCMPL_APP_CONFIG.SEC_MODULE_USER_ROLES (MODULE_ID,ROLE_ID,EMPNO,PERSON_ID,MODULE_ROLE_KEY_ID) values ('M05','R000','02936','01009960','M05R000');
Insert into TCMPL_APP_CONFIG.SEC_MODULE_USER_ROLES (MODULE_ID,ROLE_ID,EMPNO,PERSON_ID,MODULE_ROLE_KEY_ID) values ('M05','R000','04170','01010936','M05R000');
REM INSERTING into TCMPL_APP_CONFIG.SEC_MODULES
SET DEFINE OFF;
Insert into TCMPL_APP_CONFIG.SEC_MODULES (MODULE_ID,MODULE_NAME,MODULE_LONG_DESC,MODULE_IS_ACTIVE,MODULE_SCHEMA_NAME,FUNC_TO_CHECK_USER_ACCESS,MODULE_SHORT_DESC) values ('M05','SWP','Smart Work Planning','OK','SELFSERVICE',null,'SelfService');
REM INSERTING into TCMPL_APP_CONFIG.SEC_ROLES
SET DEFINE OFF;
Insert into TCMPL_APP_CONFIG.SEC_ROLES (ROLE_ID,ROLE_NAME,ROLE_DESC,ROLE_IS_ACTIVE) values ('R001','TCMPL_EMP','TCMPL Employee - Status=1','OK');
Insert into TCMPL_APP_CONFIG.SEC_ROLES (ROLE_ID,ROLE_NAME,ROLE_DESC,ROLE_IS_ACTIVE) values ('R002','HOD','Head of Department','OK');
Insert into TCMPL_APP_CONFIG.SEC_ROLES (ROLE_ID,ROLE_NAME,ROLE_DESC,ROLE_IS_ACTIVE) values ('R003','SEC','Dept Secretary','OK');
Insert into TCMPL_APP_CONFIG.SEC_ROLES (ROLE_ID,ROLE_NAME,ROLE_DESC,ROLE_IS_ACTIVE) values ('R010','PAYROLL_ADM','Payroll Admin','OK');
Insert into TCMPL_APP_CONFIG.SEC_ROLES (ROLE_ID,ROLE_NAME,ROLE_DESC,ROLE_IS_ACTIVE) values ('R011','ATTENDANCE_ADM','Attendance Admin','OK');
Insert into TCMPL_APP_CONFIG.SEC_ROLES (ROLE_ID,ROLE_NAME,ROLE_DESC,ROLE_IS_ACTIVE) values ('R004','MANAGER_HOD','Manager HoD - Based on MNGR field','OK');
Insert into TCMPL_APP_CONFIG.SEC_ROLES (ROLE_ID,ROLE_NAME,ROLE_DESC,ROLE_IS_ACTIVE) values ('R012','COSTCONTROL_ADM','Cost controller Admin','OK');
Insert into TCMPL_APP_CONFIG.SEC_ROLES (ROLE_ID,ROLE_NAME,ROLE_DESC,ROLE_IS_ACTIVE) values ('R013','AFC_ADM','Finance Admin','OK');
Insert into TCMPL_APP_CONFIG.SEC_ROLES (ROLE_ID,ROLE_NAME,ROLE_DESC,ROLE_IS_ACTIVE) values ('R014','HRMASTERS_VIEW','HR Masters View','OK');
Insert into TCMPL_APP_CONFIG.SEC_ROLES (ROLE_ID,ROLE_NAME,ROLE_DESC,ROLE_IS_ACTIVE) values ('R000','DEVELOPER','DEVELOPER','OK');
Insert into TCMPL_APP_CONFIG.SEC_ROLES (ROLE_ID,ROLE_NAME,ROLE_DESC,ROLE_IS_ACTIVE) values ('R005','MANAGER_HOD_ONBEHALF','Approver on behalf Manager HoD','OK');
Insert into TCMPL_APP_CONFIG.SEC_ROLES (ROLE_ID,ROLE_NAME,ROLE_DESC,ROLE_IS_ACTIVE) values ('R006','LEAD','Lead','OK');
